id,name,age
1,Alice,21
2,Bob,22
3,Charlie,23
4,David,24
5,Eva,25
6,Frank,26
7,Grace,27
8,Helen,28
9,Ian,29
10,Jane,30
11,Kevin,31
12,Laura,32
13,Mike,33
14,Nina,34
15,Oscar,35
16,Paula,36
17,Quinn,37
18,Rachel,38
19,Steve,39
20,Tina,40
21,Uma,21
22,Victor,22
23,Wendy,23
24,Xander,24
25,Yvonne,25
26,Zach,26
27,Alice,27
28,Bob,28
29,Charlie,29
30,David,30
31,Eva,31
32,Frank,32
33,Grace,33
34,Helen,34
35,Ian,35
36,Jane,36
37,Kevin,37
38,Laura,38
39,Mike,39
40,Nina,40
41,Oscar,21
42,Paula,22
43,Quinn,23
44,Rachel,24
45,Steve,25
46,Tina,26
47,Uma,27
48,Victor,28
49,Wendy,29
50,Xander,30
51,Yvonne,31
52,Zach,32
53,Alice,33
54,Bob,34
55,Charlie,35
56,David,36
57,Eva,37
58,Frank,38
59,Grace,39
60,Helen,40
61,Ian,21
62,Jane,22
63,Kevin,23
64,Laura,24
65,Mike,25
66,Nina,26
67,Oscar,27
68,Paula,28
69,Quinn,29
70,Rachel,30
71,Steve,31
72,Tina,32
73,Uma,33
74,Victor,34
75,Wendy,35
76,Xander,36
77,Yvonne,37
78,Zach,38
79,Alice,39
80,Bob,40
81,Charlie,21
82,David,22
83,Eva,23
84,Frank,24
85,Grace,25
86,Helen,26
87,Ian,27
88,Jane,28
89,Kevin,29
90,Laura,30
91,Mike,31
92,Nina,32
93,Oscar,33
94,Paula,34
95,Quinn,35
96,Rachel,36
97,Steve,37
98,Tina,38
99,Uma,39
100,Victor,40
